{
    "m1": {
        "error": 3.06659520602266,
        "train_time": 42.34419322013855
    },
    "m2": {
        "error": 2.6506279093197653,
        "train_time": 26.697874546051025
    },
    "m3": {
        "error": 2.6227440222206124,
        "train_time": 26.436522006988525
    },
    "m4": {
        "error": 2.5803571179411233,
        "train_time": 27.32828974723816
    },
    "m5": {
        "error": 2.204673792193849,
        "train_time": 25.464845657348633
    },
    "m6": {
        "error": 1.8756994134382565,
        "train_time": 24.09959602355957
    },
    "m7": {
        "error": 1.6218376731299253,
        "train_time": 24.987741947174072
    },
    "m8": {
        "error": 2.1118746073694568,
        "train_time": 23.724910020828247
    }
}