{"retgrande_labeled-7-10-80": {"error": 4.891781876959858, "input_size": 4}, "tpeq_labeled_dists-2-80-90": {"error": 2.363494721379797, "input_size": 6}, "tgrande_labeled-7-10-60": {"error": 3.71158096178276, "input_size": 3}, "tpeq_labeled-8-10-30": {"error": 2.3669337926923744, "input_size": 3}, "tpeq_labeled_dists-1-80-90": {"error": 2.66322644480301, "input_size": 6}, "retgrande_labeled-0-10-80": {"error": 3.887692383609066, "input_size": 4}, "tpeq_labeled_dists-5-80-90": {"error": 1.311864255381286, "input_size": 6}, "tgrande_labeled-6-10-60": {"error": 2.9682582970670706, "input_size": 3}, "retpeq_labeled_dists-0-40-20": {"error": 2.6727301570327557, "input_size": 8}, "tpeq_labeled-4-10-30": {"error": 2.137294705428643, "input_size": 3}, "tpeq_labeled_dists-8-80-90": {"error": 1.897791770621987, "input_size": 6}, "tgrande_labeled-0-10-60": {"error": 3.622414088337469, "input_size": 3}, "retgrande_labeled_dists-1-30-90": {"error": 2.458957640191955, "input_size": 8}, "tpeq_labeled_dists-7-80-90": {"error": 1.3241321215948616, "input_size": 6}, "tgrande_labeled_dists-7-50-70": {"error": 3.199528773102287, "input_size": 6}, "retgrande_labeled-4-10-80": {"error": 3.703180712339182, "input_size": 4}, "retpeq_labeled-0-10-30": {"error": 2.112322056674439, "input_size": 4}, "tgrande_labeled_dists-4-50-70": {"error": 2.400114789438936, "input_size": 6}, "retpeq_labeled-2-10-30": {"error": 1.7165128119538695, "input_size": 4}, "retpeq_labeled_dists-8-40-20": {"error": 1.9188021306733545, "input_size": 8}, "retgrande_labeled_dists-5-30-90": {"error": 2.7971950466339215, "input_size": 8}, "tpeq_labeled-5-10-30": {"error": 2.169151602318331, "input_size": 3}, "retgrande_labeled_dists-3-30-90": {"error": 2.4636000877286097, "input_size": 8}, "retgrande_labeled_dists-6-30-90": {"error": 2.8150292527251937, "input_size": 8}, "retpeq_labeled-6-10-30": {"error": 1.8116528460625299, "input_size": 4}, "tpeq_labeled-7-10-30": {"error": 1.3555046998041862, "input_size": 3}, "retgrande_labeled-8-10-80": {"error": 2.8404296322635436, "input_size": 4}, "retgrande_labeled_dists-7-30-90": {"error": 6.131903350421996, "input_size": 8}, "retgrande_labeled_dists-8-30-90": {"error": 2.7216112395949184, "input_size": 8}, "tgrande_labeled_dists-6-50-70": {"error": 2.8710504242627506, "input_size": 6}, "tpeq_labeled-3-10-30": {"error": 1.8267273519445801, "input_size": 3}, "tgrande_labeled_dists-3-50-70": {"error": 5.327171731085302, "input_size": 6}, "retpeq_labeled-7-10-30": {"error": 2.308391928848209, "input_size": 4}, "tgrande_labeled-5-10-60": {"error": 14.996895743233077, "input_size": 3}, "retgrande_labeled_dists-2-30-90": {"error": 2.512694212148774, "input_size": 8}, "tpeq_labeled_dists-3-80-90": {"error": 4.944769213418411, "input_size": 6}, "retgrande_labeled-1-10-80": {"error": 3.921116778010616, "input_size": 4}, "tpeq_labeled-1-10-30": {"error": 1.9873135172067113, "input_size": 3}, "retgrande_labeled-9-10-80": {"error": 7.809755580175282, "input_size": 4}, "retgrande_labeled-6-10-80": {"error": 3.813777767654416, "input_size": 4}, "tgrande_labeled_dists-1-50-70": {"error": 3.229877945675877, "input_size": 6}, "retpeq_labeled_dists-7-40-20": {"error": 1.6250707779135332, "input_size": 8}, "tgrande_labeled-4-10-60": {"error": 3.6654643696702265, "input_size": 3}, "tgrande_labeled-8-10-60": {"error": 3.3413573826375593, "input_size": 3}, "retgrande_labeled-5-10-80": {"error": 3.622297674160146, "input_size": 4}, "tgrande_labeled-2-10-60": {"error": 17.579383206604174, "input_size": 3}, "retpeq_labeled-8-10-30": {"error": 2.059025226144791, "input_size": 4}, "tpeq_labeled_dists-4-80-90": {"error": 1.4491074186111894, "input_size": 6}, "retpeq_labeled_dists-2-40-20": {"error": 1.727831925243702, "input_size": 8}, "retpeq_labeled-5-10-30": {"error": 1.6898207923469466, "input_size": 4}, "retgrande_labeled_dists-9-30-90": {"error": 2.4245855357250186, "input_size": 8}, "tgrande_labeled-1-10-60": {"error": 3.6805538982391437, "input_size": 3}, "tgrande_labeled_dists-2-50-70": {"error": 3.008107840180851, "input_size": 6}, "tpeq_labeled_dists-6-80-90": {"error": 1.9532713762956122, "input_size": 6}, "tpeq_labeled-6-10-30": {"error": 1.5686538030354955, "input_size": 3}, "retgrande_labeled-3-10-80": {"error": 3.7865573011099927, "input_size": 4}, "tgrande_labeled_dists-8-50-70": {"error": 15.77424639578176, "input_size": 6}, "retpeq_labeled_dists-4-40-20": {"error": 5.219487159340969, "input_size": 8}, "tgrande_labeled-9-10-60": {"error": 5.846759357503893, "input_size": 3}, "retpeq_labeled_dists-3-40-20": {"error": 1.333497704447504, "input_size": 8}, "tgrande_labeled_dists-5-50-70": {"error": 3.5414984756336616, "input_size": 6}, "tpeq_labeled_dists-9-80-90": {"error": 1.4339996378797917, "input_size": 6}, "tgrande_labeled_dists-9-50-70": {"error": 3.0052882944606014, "input_size": 6}, "retpeq_labeled-1-10-30": {"error": 1.4208851119898935, "input_size": 4}, "tpeq_labeled-2-10-30": {"error": 11.850820779491023, "input_size": 3}, "tpeq_labeled-9-10-30": {"error": 1.9361916523060263, "input_size": 3}, "tpeq_labeled-0-10-30": {"error": 1.9122382833784393, "input_size": 3}, "tpeq_labeled_dists-0-80-90": {"error": 1.9573850613535158, "input_size": 6}, "retpeq_labeled_dists-6-40-20": {"error": 1.9575401694653634, "input_size": 8}, "retpeq_labeled-3-10-30": {"error": 1.3053174075413205, "input_size": 4}, "retpeq_labeled_dists-5-40-20": {"error": 1.6847590042469291, "input_size": 8}, "retgrande_labeled_dists-4-30-90": {"error": 2.4063928324366333, "input_size": 8}, "retpeq_labeled_dists-9-40-20": {"error": 1.9350027269103123, "input_size": 8}, "retpeq_labeled-4-10-30": {"error": 1.5197593782912566, "input_size": 4}, "retpeq_labeled-9-10-30": {"error": 2.000119282524755, "input_size": 4}, "retgrande_labeled_dists-0-30-90": {"error": 2.573399151947406, "input_size": 8}, "retpeq_labeled_dists-1-40-20": {"error": 1.4151127658005755, "input_size": 8}, "retgrande_labeled-2-10-80": {"error": 3.720219087657857, "input_size": 4}, "tgrande_labeled-3-10-60": {"error": 2.8892096546621735, "input_size": 3}, "tgrande_labeled_dists-0-50-70": {"error": 2.565316923045005, "input_size": 6}}