{"m1-0-10-90": 4.012608139633272, "m1-1-10-90": 3.187260659787849, "m1-2-10-90": 4.643506058763964, "m1-3-10-90": 3.4383104121049555, "m1-4-10-90": 3.80977881036491, "m1-5-10-90": 3.06659520602266, "m1-6-10-90": 4.15896615327064, "m1-7-10-90": 4.7396745616881475, "m1-8-10-90": 3.1737390831884444, "m1-9-10-90": 13.430449570515863, "m2-0-10-10": 3.763848148550823, "m2-1-10-10": 19.666666666666668, "m2-2-10-10": 3.720448680899313, "m2-3-10-10": 4.085229251607652, "m2-4-10-10": 3.2203904295959416, "m2-5-10-10": 2.6506279093197653, "m2-6-10-10": 12.471632623218035, "m2-7-10-10": 5.198196335247443, "m2-8-10-10": 4.40421657438415, "m2-9-10-10": 3.54291201066365, "m3-0-10-30": 2.6227440222206124, "m3-1-10-30": 3.670153944357033, "m3-2-10-30": 2.773531745588745, "m3-3-10-30": 5.325092584850972, "m3-4-10-30": 3.2578031839636257, "m3-5-10-30": 3.5803839437735814, "m3-6-10-30": 4.073390476482831, "m3-7-10-30": 4.165511929155609, "m3-8-10-30": 10.127014691872304, "m3-9-10-30": 3.5120250206318397, "m4-0-10-90": 2.647848160197022, "m4-1-10-90": 4.523736236718343, "m4-2-10-90": 2.6368069494127484, "m4-3-10-90": 3.4744025924836133, "m4-4-10-90": 33.712721694491655, "m4-5-10-90": 3.8122892883443007, "m4-6-10-90": 17.921397794845507, "m4-7-10-90": 2.5803571179411233, "m4-8-10-90": 3.9845847796529195, "m4-9-10-90": 31.43279569892473, "m5-0-10-100": 2.204673792193849, "m5-1-10-100": 2.281305962623985, "m5-2-10-100": 15.027221977351466, "m5-3-10-100": 3.4061132726961136, "m5-4-10-100": 2.7242175707418634, "m5-5-10-100": 11.570114632205833, "m5-6-10-100": 2.3187873714248908, "m5-7-10-100": 2.5076510333949424, "m5-8-10-100": 2.8250836952498295, "m5-9-10-100": 2.553186214987714, "m6-0-10-60": 2.9369594068468676, "m6-1-10-60": 1.8756994134382565, "m6-2-10-60": 2.277979591056873, "m6-3-10-60": 2.314536517256543, "m6-4-10-60": 1.9895367475412458, "m6-5-10-60": 10.514326260585552, "m6-6-10-60": 1.9163981722244565, "m6-7-10-60": 2.5032689406064548, "m6-8-10-60": 2.6163939100864013, "m6-9-10-60": 2.0922118990121628, "m7-0-10-100": 13.246945955387973, "m7-1-10-100": 1.8993580061119546, "m7-2-10-100": 2.060991312537905, "m7-3-10-100": 2.154234596503937, "m7-4-10-100": 1.6218376731299253, "m7-5-10-100": 2.146118313759595, "m7-6-10-100": 2.5128251025246953, "m7-7-10-100": 1.9083804085539797, "m7-8-10-100": 3.3998606508062243, "m7-9-10-100": 2.4477236307027805, "m8-0-90-60": 2.1118746073694568, "m8-1-90-60": 3.0270558673924994, "m8-2-90-60": 2.674195325535621, "m8-3-90-60": 2.2721599752448487, "m8-4-90-60": 2.820506899357354, "m8-5-90-60": 15.828335761553596, "m8-6-90-60": 2.6555828655550666, "m8-7-90-60": 2.583451529767019, "m8-8-90-60": 2.4675608484044034, "m8-9-90-60": 15.341162211299142}